date,portfolio,spy_buy_hold,equal_weight,sixty_forty,momentum_12_1,large_company_core,GLD,USO,TLT,CVX
2026-04-06,100000.0,100000.0,100000.0,100000.0,100000.0,100000.0,100000.0,100000.0,100000.0,100000.0
2026-04-07,99699.16385839369,100043.99759996164,100085.88558299572,100174.64872995086,101162.72811970749,100463.73610971373,100972.75896679104,99381.02735336122,99988.46571582714,101347.6768087673
2026-04-08,100297.81283770798,102592.07866316561,101740.83903056072,101707.27324108692,106346.76172718065,103612.28159120715,101608.79340138091,89664.60316825785,100311.58787353848,96997.88540904119
2026-04-09,100474.82742023774,103183.9329627766,102611.12151518387,102063.26285998253,107628.48981036348,105338.56456898207,102399.16050790556,91377.57078852378,100057.69845434284,95725.63151065465
2026-04-10,99522.21746750436,103115.65568852381,102249.01583410602,102022.195318771,109353.05367108839,106033.03722591574,102216.76864763918,89837.33806069514,99815.34331932008,94815.44819923896
2026-04-13,99907.31154405516,104123.34595882603,102724.084765844,102618.8593911702,110668.55031047614,107106.59704993777,101802.87421141514,92464.37236452581,100115.4059198452,96439.70431969567
2026-04-14,100267.66488154764,105392.07065683129,103274.07982589351,103373.54650361853,112218.337403212,110286.44680725562,104078.10188011547,89139.19411103443,100646.2803600607,94046.0657766513
2026-04-15,100528.10201354086,106223.72397883162,103479.97791639202,103868.24645320201,113159.77877629973,112333.40677939293,102995.43966828502,88232.32631623802,100207.74327134466,92985.0132115069
2026-04-16,100693.20918802323,106484.74909684359,103759.60347822883,104023.51441078071,113320.86506042792,112681.61870286742,102906.5808144943,90571.46547191104,99572.98818429731,94614.2996089194
2026-04-17,101122.71028992567,107771.69286025828,104481.2031213216,104789.03893648897,115781.37394272728,114288.03728568277,104274.52333454767,83518.06454333676,100484.71027004553,92522.37614036535
2026-04-20,101187.07181734669,107556.17351216008,104311.86925366691,104659.7655919188,115872.1513851288,113401.43655765457,103376.59362738155,87318.2651238165,100461.6326905403,92150.25281047197
2026-04-21,100513.5625965475,106852.01640926147,103992.91938244377,104248.58704262704,117621.18920951482,112765.06518444452,100448.96842163856,92306.02975848195,99907.67165966005,93523.08100401827
2026-04-22,101870.59839981938,107934.0724917714,104753.76993303756,104880.432192562,119197.04103286416,114875.88908867794,101779.49631187945,93133.72075911322,100103.86262451283,93694.0557435921
2026-04-23,102270.12048088376,107515.21087148483,105533.88591539094,104635.84627178601,122145.45393240276,113366.0153507637,100792.70775092261,96962.71689466626,99884.60309131432,94337.72810821906
2026-04-24,102839.60349651736,108348.38167312837,105661.45607823312,105122.3598070778,121805.5480502444,115852.72965452622,101309.48349899221,95292.92613358062,100069.24174967522,93135.87465424657
2026-04-27,102966.41694962185,108535.04097893264,105584.8163577125,105230.63586142851,122594.60322834538,116618.1710633693,100523.79768126346,96962.71689466626,99572.98818429731,92919.6352330596
2026-04-28,102317.070962647,108006.91151464485,105784.93385862924,104923.1685717231,120223.10173725369,116384.23330599729,98657.78315999125,100475.02781813158,99676.85981996964,94719.90418103499
2026-04-29,101882.329931299,107990.21923856968,106126.63422772147,104913.45063468136,120401.72351670024,115955.30812575447,97605.52078089035,108413.70536634052,98903.63024473138,96660.96620684936
2026-04-30,104613.54418800373,109064.68792286362,107312.59570948184,105538.98659995591,129557.7904801825,114835.27106849606,99066.99630741938,105865.83687438857,98811.31091555093,97209.09455327236
2026-05-01,105061.89969876508,109366.69430093297,107261.65596676429,105714.80917532378,130012.01234780015,115866.65976474855,98954.75241798202,102778.1780211062,99164.6024353019,95861.41774450504
2026-05-04,104227.08658054126,108966.04243636478,106201.2900586673,105482.03062098249,129761.84241617142,115798.31827552892,96974.16049898542,106240.10221433645,98411.68401359928,96691.13224660605
2026-05-05,105329.24630637166,109840.19449806568,106844.85654697874,105988.90995884867,130762.6204481005,116202.72308363952,97806.61638800747,103764.21162778132,98956.10222655839,96872.16754009147
2026-05-06,106496.60555819218,111366.90935479652,107392.64594811405,106874.17952417399,129855.7008925463,118484.4365162167,100773.9968679609,96408.51777351275,99709.0116371015,93110.73108045661
2026-05-07,105633.74342029479,111025.44850600405,106860.85744765075,106676.18256629189,128632.74557013158,119001.78077344788,100942.3591340615,97142.65067587188,99210.92880634306,91773.0992036228
2026-05-08,106595.65309776107,111942.0806880234,106974.1305420905,107207.69411198879,128618.76059575121,119521.4411801368,101431.07569379947,96149.4126892852,99709.0116371015,91330.58324030445
2026-05-11,106610.08616564998,112197.0358874626,107378.84729252744,107352.86871289581,130216.17560457112,118549.71643590907,101636.85258971251,99798.47504363263,99106.6696908118,92899.52974721452
2026-05-12,106680.74799431354,112027.0688577335,107854.6135675335,107255.14412342763,131148.65424762908,118417.48624035968,101234.6542393673,103857.78070833991,98446.42203351052,93507.9901731509
2026-05-13,107626.66233075183,112653.84380852013,108318.43924721816,107615.51592525406,131635.51323409923,120577.96050834554,100666.43426731943,102231.1722975778,98226.36050711562,93533.14155792989
2026-05-14,109013.93920860016,113543.16135696195,108858.57094116915,108126.83975356852,132617.06289842693,121426.53797104723,99897.11155204348,102922.1228496134,98365.3486313986,93854.96992925431
2026-05-15,107220.96815704071,112177.3179617921,108219.34267883791,107341.53165420634,132276.5581610862,120622.5489151913,97577.46159255874,106686.33447739472,96905.86519251305,96097.75484054803
2026-05-18,107025.10655753396,112098.3997106548,108384.1349604735,107296.28439675094,131375.45527677741,120262.91837239373,97844.03101781996,107449.25195254071,96790.01772585187,98622.14152949787
2026-05-19,106286.12936778885,111351.73455836455,108174.20951100254,106868.40812848616,131262.95749882213,118719.36487964583,96223.54866667118,110090.68952505126,96164.51709962134,100098.88712152244
2026-05-20,106401.70587929527,112492.97234695916,108264.41438250378,107522.39414174634,129390.63645097855,119939.90318660137,97603.18013649239,103836.18953317814,97195.42979220898,97094.65575252788
2026-05-21,105614.81159638336,112716.06047389121,108051.96908899746,107650.23473394898,128403.29256886787,120001.62425384445,97507.30648561877,102591.03985998903,97554.52449868442,96932.2574789439
2026-05-22,105349.53134737238,113159.21107815998,108293.53156557702,107904.182070653,128079.50939581465,119561.53512273612,96766.05009478542,101425.07247210828,98087.35436051361,97145.39593747334
2026-05-26,105326.73997615576,113910.42866937982,107907.39591719816,108333.6951996983,128943.7776732268,119656.10078620205,96808.13887728279,98603.71210067857,98573.84884014212,93735.18841199158
2026-05-27,105244.02835858265,113890.70143401826,108044.23117691165,108322.4855015066,127137.17506482889,120683.91035519594,95519.6997695393,94306.8925269055,98805.52575114547,92562.9229845852
2026-05-28,105289.5504222901,114518.98455475704,108302.56734839524,108679.49772513268,126130.34084743261,121854.92374111895,96520.51792466194,94126.95874569989,99315.1698995553,92882.63457787385
2026-05-29,104737.96939146373,114804.29865675123,107811.81841943036,108841.6230769407,123947.03492007268,121804.14277873845,97537.70631834833,92910.60462758408,99338.34660181515,92593.37803093714
2026-06-01,105092.841982271,115116.92739232295,107495.3031646061,109019.59227221218,125003.90241927287,121224.79538883755,96167.43029000798,97524.10941344486,99391.84585582631,94303.5550310737
2026-06-02,105461.86992106804,115273.24641495434,107613.63471200386,109108.55525265032,126083.6835213793,119589.75100384963,96328.77775902569,98798.04365942084,99601.15706892574,95176.40962576303
2026-06-03,104914.26896104962,114464.35528760195,107748.23539229987,108648.20587016389,127648.00801047197,118064.49242500277,95374.72253908537,101381.89012178477,99205.78343426282,96272.54915377304
2026-06-04,104883.5331187869,114896.87422467729,108628.543689643,108894.35744589946,128527.58798220399,119696.30497158658,96169.76379829497,98416.58492184785,99426.7280542897,95582.38578225025
2026-06-05,102781.54706383849,111931.45833052103,107517.59314698113,107206.704646247,125257.4443385968,115768.50795627342,92655.2077375424,95739.16937892535,98915.0473838306,95054.61287332232
2026-06-08,102988.32162630922,112184.89605031702,107401.10348175281,107350.5681065961,125893.49661609877,114942.33836894573,92896.05861886995,97272.19772684242,98403.38473569053,96034.04060277093
2026-06-09,102877.85877928392,111855.57503867013,107477.52089760744,107162.9828583709,124769.28373233182,113770.83931310344,91378.46471567772,94501.22408564777,98984.82980307643,94775.5028011769
2026-06-10,101282.77993364345,110092.11473821847,106151.75868530617,106158.49445193357,122133.72225133653,111498.21493613158,87590.3172964701,96660.42946011519,98705.7361707312,96318.22000681743
2026-06-11,102358.30079107905,111963.33471271922,106879.90858828953,107224.36407757728,122488.10922685423,112097.04880261488,90335.55777805769,92723.47744875336,99984.91531898017,94298.48569917257
2026-06-12,102352.11151769645,112568.85563881006,107138.66898503716,107569.27615184267,122243.97620564583,111686.3789419779,90387.00200203594,90276.37692612832,99740.69487393883,95008.94202027797
2026-06-15,103084.64831117282,114553.89589624164,107834.24696353823,108697.41503010744,123138.82213820706,115055.25939900846,92727.69635276939,87239.09382079456,99682.55487278,91547.97868787257
2026-06-16,103360.04345899181,113870.97419865671,107920.06530542782,108311.506446216,122122.53309149231,114918.44904142829,92980.24331997572,83107.81574183368,100229.1177417025,91400.81184295913
2026-06-17,102544.11083417822,112448.96543730644,106509.41047742723,107507.95109087357,121110.08466589765,111595.96841655076,90868.70376469102,82215.34572457393,100391.92236057055,90116.91175988145
2026-06-18,102408.38828307635,113618.09506032447,106674.84366453043,108168.60832112406,123098.3478305536,113333.13049898218,90522.623791009,82675.97576516886,100880.33621717471,88112.39325892898
2026-06-22,102759.29944641642,113260.54706537591,106172.0777614077,107966.56342945964,121914.99469674588,110286.58224443936,89931.01878331449,81106.95297341011,100112.82872822531,88838.08100870487
2026-06-23,102581.90181635958,111615.77601628078,106100.05313508172,107037.12851967922,119380.32642494945,109526.02336392095,88231.0330198559,80077.73152526827,100240.74213747047,89304.95163591793
2026-06-24,102477.33319364622,111564.04206304616,105803.92027541081,107007.8944556533,118043.69509114296,108783.3334125285,85565.30308668912,76500.64707631766,101612.9524965012,87006.10725612764
2026-06-25,102806.76154045016,111725.3231510139,105625.71706158214,107099.03192644418,121618.40364056642,105662.18800309344,86393.07768691526,78674.24473717852,101578.06128687828,87407.01408071376
2026-06-26,103540.37781617504,110917.40023153201,106060.29341682643,106642.48706800243,117025.99132610981,107214.27038464003,87368.17729810426,75917.6633823773,101589.69469380575,86808.19241527967
2026-06-29,104143.9679914804,112744.74363205495,106551.92154503346,107678.10972034853,120809.34819631596,108903.49658866329,86187.30079100221,77069.2384838646,101694.35030035547,85493.83728585002
2026-06-30,104067.84402930712,113622.66611863619,106475.36759707391,108178.87597712674,122237.28680870075,110138.89525416085,86140.53785581987,76608.60844326967,100496.57796712026,84118.58768569455
2026-07-01,104343.46694256536,113468.99104826656,106791.87658984477,108091.21984469437,118648.29733449325,112791.11516169278,86659.65424828742,74327.04392431359,99817.28071861474,84083.06330744147
2026-07-02,105326.620603753,113319.88703620865,107835.53537223044,108006.17104012436,117671.32571156649,112768.1141373414,88420.43967720516,74838.06069514359,99805.61126704923,85864.28906408417
2026-07-06,105273.68752515606,114308.87413716619,107913.92894667515,108570.28846064635,118802.65070277103,113917.94681896282,89355.78401418374,75104.35917699624,99735.57653533712,85306.07673078238
2026-07-07,105600.90826818458,113765.69090243024,108743.99757979176,108260.45719494697,119374.35598729833,114675.69817687158,88270.78115795532,78393.54847778921,98685.1186377722,88305.23095688678
2026-07-08,104607.0261272523,113414.22213574554,108207.59785276464,108059.97970250621,120304.65516600289,114403.77639162485,87559.92459985151,80761.47769739233,98463.3540022299,89299.88230401682
2026-07-09,104722.4421708602,114374.30264595385,108190.85311283208,108607.60882768668,118411.73642418714,115511.25779108464,88432.12862697302,78458.32749441771,98615.0839060601,88325.5317174584
2026-07-10,104587.79226586934,114867.26940709836,108696.2589481114,108888.79665858019,118650.73766138044,117227.35758221467,88158.5444046289,78235.20587174536,98591.74500292908,89518.09009444735
2026-07-13,104188.41517960126,113987.82944087392,108983.26368182979,108387.28993103313,120532.55579698103,116461.9340883462,85848.24275051407,84777.60101177609,98008.15527957979,92461.4269927161
2026-07-14,104200.66902156778,114392.55895012752,109165.14319025438,108618.01668332917,122228.13552850857,117305.22011634745,87022.09732442224,86490.56863204202,98136.54628027896,92238.14205939538
2026-07-15,104632.61203520549,114845.96883394723,109670.54760428486,108876.49496959393,123120.10223490062,120506.9045236408,87068.86739571556,87361.44747413999,98323.29354996521,92156.954639087
2026-07-16,104699.94564444383,114223.66253487061,109689.68324402403,108521.73281848687,118997.78045575891,118858.22533175314,85340.81530781437,85864.40258777811,98288.27618410916,93303.83435204254
2026-07-17,104568.13556789773,113093.1681297622,109471.05661104112,107877.26460795154,119921.13512664339,116911.28316468383,86147.55265290277,89218.36541405636,98650.09226075665,95090.1372515754
2026-07-20,103675.0628232478,112910.59577833439,108981.9984076824,107773.95916835581,120315.94145390324,117451.88712118435,85958.1459955535,90333.95705398849,97914.78164473666,96272.54915377304
2026-07-21,104461.53860322673,113852.41998436903,109691.0283289133,108309.73529811235,121994.4459561717,117151.53653859034,87644.1021648463,92737.87522629001,97646.3392029323,96962.71252529586
2026-07-22,104372.00419933576,113720.03617745946,109753.48444215438,108234.42603842888,122301.95887018053,116133.20737941595,88651.93511705185,94774.71596512554,97389.53917921493,97931.97815797504
2026-07-23,104111.78187020298,112315.67859036382,109203.5922106321,107435.5282526348,122279.31290338043,112275.15683306658,86874.77944957036,100395.85651510966,97074.4009088295,98662.74305064116
2026-07-24,105045.66525277888,112429.78747371757,109533.59728749369,107500.44144503566,121348.59793007842,112426.67080037727,86963.63830336108,98380.59596914944,97167.77454367263,98850.50360570877
2026-07-27,105459.86169236418,112454.14162553723,109216.29658717602,107514.56678662816,119284.86269091525,112362.16402564771,87602.0133823489,89794.15571037165,97751.37327818143,96419.71599868653
2026-07-28,106340.53082285519,112723.44305890381,109258.70234231929,107667.66995697764,118817.21628971785,113143.93042727708,86372.03329566657,86720.88365233946,98323.29354996521,95191.63324344449
2026-07-29,105250.46837900915,110988.91727827457,108483.52376937425,106681.55787897116,116358.29031866227,111871.88954078354,86771.89100161383,93068.94723362794,96700.90636945699,97363.61153889295
2026-07-30,104734.05882135392,112849.7290181674,108790.51500500717,107739.46601276603,115688.04385911312,114055.28142766209,88193.61839004341,91751.83612847167,96642.55010046992,97591.97361510382
2026-07-31,104090.94072937833,113662.23230565205,109471.73199675181,108201.39013874698,118821.25796659631,118555.12721899869,86879.46073836627,92968.18475544425,96000.59509697404,99885.74866299302
2026-08-03,104405.32911662787,115281.12241359327,110284.72333997481,109122.0434806275,121109.12690941241,122894.96515483594,86919.20887646571,87894.05542013177,96317.0129520099,98033.47414984414
2026-08-04,104780.57892524342,117359.52025300017,110945.82080528756,110304.16932104225,123084.60006354378,123692.84132191286,87492.11013730949,83330.93187336282,97055.2972506682,96622.70017143559
2026-08-05,105511.41025531883,117125.20463864667,111121.90630987805,110170.89813624398,121663.42606943547,123169.94909551903,91111.89529041652,82683.16916279393,97266.23047247942,94597.88872090055
2026-08-06,105571.39712642616,116938.06122890714,111078.67293311848,110064.45698415948,119636.07876443822,123510.19545933968,91118.91008749942,85554.91626445875,96703.72686238364,96028.95564889167
2026-08-07,105666.64503529403,117653.17583818639,111113.07334102204,110471.19117260934,118837.23820705371,124118.8554309833,93176.66477440791,84914.35244265819,96984.9831730113,94674.00680930784
2026-08-10,106143.41998199518,117618.18070948224,111970.36677214915,110450.28502880661,119146.91511720006,124024.74069806747,94128.37934995025,90629.04559977123,96164.6612781735,98911.40588742365
2026-08-11,105299.99880398888,117242.36710066895,111544.05364763539,110238.59230562732,117253.78161492597,122609.76103908909,93758.91434062156,91845.39971788702,96317.0129520099,99799.48409979444
2026-08-12,105274.42185286563,117536.01337616412,111406.50505844821,110404.00084393789,118124.13202900498,121482.43153976608,94684.91037223025,91622.28358635788,96223.26084846735,99769.03686443153
2026-08-13,105169.29131023484,118356.12268124688,111518.76652774762,110865.96168842637,117759.28787813394,122537.72069742676,93291.24217213228,89988.48177797068,96785.75544740362,100327.24919773331
2026-08-14,104766.30872743524,118121.8070668934,111286.29671245196,110733.9736248686,118058.44474577249,122118.72922269386,93880.5136715398,91118.46570429622,96141.22325228786,101494.43748224954
2026-08-17,104429.1730277995,117563.40248727016,110956.09996368558,110419.95483172973,118871.99840547015,120523.78734626126,94818.19151680537,93774.28458091375,95332.63388713216,102864.6099395148
2026-08-18,105100.8109286943,116769.1741233413,111079.67190803785,109973.57670998386,118463.28531815551,119394.5389108287,93195.36852125867,94040.59404505286,95695.91878277979,104407.32714515536
2026-08-19,105350.51652643186,117014.1307145793,111163.08775308829,110111.24903204145,119224.40550271704,120362.47010689613,96770.72424747034,94220.52782625848,97289.66849836506,105328.74265884195
2026-08-20,104180.53334780879,116031.23215157667,109999.85904824342,109558.83308425349,117527.72705692757,119154.2448492514,97102.77462698656,96833.15886140926,96492.78462941291,105333.86666766646
2026-08-21,104580.2746188448,116505.94260854751,110491.1955391606,109825.63337970951,118936.08077769671,119190.61731436712,98996.84120047941,96905.13676680608,96152.94677081043,105077.91617808928
2026-08-24,105008.5390097112,116163.5973391041,110961.95977694675,109632.05829310036,117282.47077451467,119625.05349600746,99775.51935723623,95156.18568498497,96750.60291415492,103961.96798181854
2026-08-25,104996.13779689118,116534.84919929675,110856.45558363383,109842.08518053501,115081.21541005188,120455.61558150679,100098.2142952716,90794.5870945834,97817.01957521214,102323.88641072242
2026-08-26,104321.11462200548,116560.72083075959,110670.16435525802,109856.72143912825,114560.7057155762,120434.62567633265,98519.82072662025,91658.26704791308,97617.80086076398,102487.69847332657
2026-08-27,104505.54188423115,117324.52512429601,110476.18056411172,110288.82550534746,114694.93329600662,121983.29151748773,98819.13062900893,93572.75962454638,97418.57313515632,102262.46079274038
2026-08-28,104724.71697484865,117058.25865021582,110579.58156077204,110138.19159673824,113750.12919390625,123067.12324360365,95613.23991212592,93349.64349301724,97125.6023171656,103332.33196453562
2026-08-31,104383.18751169484,116708.3073631743,110415.38271571399,109940.19458482879,114033.82225872301,121786.9384193882,95503.3366670865,96228.58399230713,96703.72686238364,105523.26753043708
2026-09-01,104328.70191857377,115906.47298164734,110510.02792749071,109486.79669165122,114768.7520357993,121338.58451736443,92774.46642406269,101482.65259996845,96309.65083469018,108036.70321272229
2026-09-02,104970.99195819777,116420.74031594298,110958.02939111048,109777.5895676759,115664.03580369274,122449.03730013914,94184.49772661345,101590.60847577725,96403.75437345363,108410.38874042802
2026-09-03,105991.61003814945,117639.48128263338,111762.30306729663,110466.72762331065,116894.38827989688,124825.98100449983,95924.23876428248,102267.1612502762,96544.92319833806,108174.9186641709
2026-09-04,105061.28006202137,117186.07139881367,111093.94625921929,110210.34664139485,117091.87189537764,124017.29778137436,95117.50141919407,102173.60315200407,96709.6111495437,106782.54737599194
2026-09-08,104066.8646216629,116542.46452658591,110649.87470440633,109846.74263008172,117907.53172803242,122915.14004880819,93468.95987971372,105102.91939924257,96697.84257522358,107396.82698877936
2026-09-09,104063.16039271395,116000.80808118422,110342.98394383058,109540.95530007403,118652.56610389618,123084.1698543324,94317.78600729952,107938.67754820894,96144.96288348454,109449.5471032322
2026-09-10,104121.52615969538,115305.46725572186,110241.55819096942,109148.4068198177,120378.5983630303,123166.86300140835,92683.266925874,113991.65258371468,95027.39888104828,108912.04951292236
2026-09-11,104654.09136912423,116288.36581872449,110741.76771541365,109703.2934639267,119831.62673489776,124544.33746343816,93246.81274523691,111486.96644208622,95133.28000529135,109577.52234802078
2026-09-14,104553.48500026527,115769.52742611713,110771.2780150604,109411.21650201679,119494.63847572493,125329.46920453958,91860.1664783328,112753.7072904371,95203.85540657406,108610.02980985865
2026-09-15,104858.72263275675,115238.521267291,110583.36292223468,109108.86193553492,120696.89813313658,124454.9715399071,92166.4911778044,116496.32774305667,94945.05490544545,111476.67841751859
2026-09-16,104020.90255951903,114730.33316125922,109840.73362115225,108819.49995368868,119290.69090239715,124174.29875019852,91602.9453584415,112401.03312565098,95145.03055729246,108287.52969347492
2026-09-17,104719.16259729287,116031.23215157667,110640.82805686779,109560.23100495117,120393.91784890092,126285.08940442296,93150.93909436329,111782.06047901219,96203.76971044712,108302.89390895948
2026-09-18,104748.68546296631,116180.55959622008,110635.31586191013,109645.25795621824,120569.10748279223,126171.17888113097,93808.02505631284,110709.66217169004,95580.29659510635,107248.37133067074
2026-09-21,104735.84625759251,117981.93826836953,111047.46961789239,110662.30227179328,119962.25671067068,130235.78985557437,93155.6203831592,106635.95872944611,96227.30685908736,104258.87148704672
2026-09-22,104203.87192546026,117963.63541574054,110809.07689425518,110652.01026383843,118633.96951534136,129615.05093222117,93550.80393642155,103699.43810229604,96168.48200980577,103613.8790652683
2026-09-23,103894.96027130919,117114.04231906266,110363.55741055659,110174.26949377105,119437.82511762888,128202.45230480566,91869.52191981366,107118.17994520278,94650.95769251599,105200.76741405336
2026-09-24,104185.11992669936,117017.94768791494,110355.64254376684,110120.23383450854,121341.96113193277,129247.57778159241,91591.25640867368,110184.24762332339,93427.53058815569,105272.4332386954
2026-09-25,104563.31478065689,117653.9950909999,110791.56194520491,110477.8941984373,120906.16992863966,129707.11479764721,91993.45475901889,106758.31238279154,93309.8989119115,104658.15362590799
2026-09-28,104300.06907415514,116778.4745047128,110307.06111015909,109984.11752911883,121327.93553645368,128201.88708965149,88368.99545322689,107967.4621209958,92486.44113356422,105641.00256856564
2026-09-29,103424.95566472562,116563.41133147667,109952.41694674808,109862.59849202885,119885.49851990881,128061.31596598843,89533.50172176518,103174.03453621584,92027.6559694291,104622.3246190815
2026-09-30,103415.24072535438,116323.93814827452,109161.78391352536,109727.28685222685,118780.80347667875,128594.90632390727,89054.13346739707,104836.62091738993,91498.27738169226,104535.30238994394
2026-10-01,103502.63623514639,116531.3766845304,109186.35463786995,109844.49767359559,120452.90736617299,128223.28714798998,89503.10188903562,107974.66650090736,91784.11136135101,106014.69590726042
2026-10-02,103736.585526165,117393.1747861913,109703.97286940899,110331.44703784042,120446.81871778132,129613.07757366654,88890.4524900924,106067.36183075594,91512.46094676107,105804.81463116978
