decision_date,exec_date,ticker,action,shares,price,notional,fee
2026-04-06,2026-04-07,AAPL,buy,27.348089,255.7037,6993.01,6.99
2026-04-06,2026-04-07,COST,buy,9.82143,1017.1645,9990.01,9.99
2026-04-06,2026-04-07,CVX,buy,40.684077,196.4407,7992.01,7.99
2026-04-06,2026-04-07,GLD,buy,11.6733,427.9,4995.0,5.0
2026-04-06,2026-04-07,GOOGL,buy,26.432536,302.3549,7992.01,7.99
2026-04-06,2026-04-07,JNJ,buy,41.934614,238.2283,9990.01,9.99
2026-04-06,2026-04-07,JPM,buy,27.386268,291.8254,7992.01,7.99
2026-04-06,2026-04-07,LIN,buy,14.08236,496.5792,6993.01,6.99
2026-04-06,2026-04-07,NEE,buy,76.420785,91.5066,6993.01,6.99
2026-04-06,2026-04-07,TLT,buy,59.085181,84.539,4995.0,5.0
2026-04-06,2026-04-07,WMT,buy,63.605906,125.6488,7992.01,7.99
2026-04-06,2026-04-07,XOM,buy,73.971081,162.0635,11988.01,11.99
2026-04-10,2026-04-13,AAPL,sell,27.348089,259.2673,7090.47,7.09
2026-04-10,2026-04-13,COST,sell,2.829957,995.4406,2817.05,2.82
2026-04-10,2026-04-13,CVX,sell,14.251834,188.0711,2680.36,2.68
2026-04-10,2026-04-13,GLD,sell,0.23961,434.78,104.18,0.1
2026-04-10,2026-04-13,JNJ,sell,3.888688,235.1908,914.58,0.91
2026-04-10,2026-04-13,JPM,sell,1.401115,306.0911,428.87,0.43
2026-04-10,2026-04-13,LIN,sell,0.17359,500.3746,86.86,0.09
2026-04-10,2026-04-13,NEE,sell,22.662588,92.4722,2095.66,2.1
2026-04-10,2026-04-13,TLT,sell,0.227876,84.4609,19.25,0.02
2026-04-10,2026-04-13,WMT,sell,0.354022,125.7484,44.52,0.04
2026-04-10,2026-04-13,XOM,sell,34.788181,152.2442,5296.3,5.3
2026-04-10,2026-04-13,AVGO,buy,21.589888,368.405,7953.82,7.95
2026-04-10,2026-04-13,GOOGL,buy,4.956162,316.7471,1569.85,1.57
2026-04-10,2026-04-13,NVDA,buy,37.49666,185.6057,6959.6,6.96
2026-04-17,2026-04-20,COST,sell,1.944448,1000.8043,1946.01,1.95
2026-04-17,2026-04-20,CVX,sell,26.432242,181.2437,4790.68,4.79
2026-04-17,2026-04-20,GLD,sell,0.035039,443.13,15.53,0.02
2026-04-17,2026-04-20,JNJ,sell,38.045926,232.3215,8838.89,8.84
2026-04-17,2026-04-20,LIN,sell,13.90877,491.4723,6835.77,6.84
2026-04-17,2026-04-20,NEE,sell,9.220035,90.7282,836.52,0.84
2026-04-17,2026-04-20,TLT,sell,11.382219,85.1155,968.8,0.97
2026-04-17,2026-04-20,XOM,sell,18.345756,145.4446,2668.29,2.67
2026-04-17,2026-04-20,AAPL,buy,29.949167,269.8484,8081.74,8.08
2026-04-17,2026-04-20,AMZN,buy,28.378017,249.19,7071.52,7.07
2026-04-17,2026-04-20,AVGO,buy,0.896983,404.3227,362.67,0.36
2026-04-17,2026-04-20,CAT,buy,7.67802,789.4355,6061.3,6.06
2026-04-17,2026-04-20,GOOGL,buy,7.198899,340.3378,2450.06,2.45
2026-04-17,2026-04-20,JPM,buy,0.130795,309.4559,40.48,0.04
2026-04-17,2026-04-20,NVDA,buy,13.134706,199.5239,2620.69,2.62
2026-04-17,2026-04-20,PLD,buy,35.43979,142.5258,5051.08,5.05
2026-04-17,2026-04-20,WMT,buy,0.223077,127.3216,28.4,0.03
2026-04-24,2026-04-27,COST,sell,5.047025,1005.5698,5075.14,5.08
2026-04-24,2026-04-27,XOM,sell,20.837144,147.2013,3067.25,3.07
2026-04-24,2026-04-27,AAPL,buy,4.861682,265.616,1291.34,1.29
2026-04-24,2026-04-27,AMZN,buy,6.717702,263.46,1769.85,1.77
2026-04-24,2026-04-27,AVGO,buy,2.029596,419.0525,850.51,0.85
2026-04-24,2026-04-27,CAT,buy,1.00512,828.2235,832.46,0.83
2026-04-24,2026-04-27,GLD,buy,0.501555,431.66,216.5,0.22
2026-04-24,2026-04-27,GOOGL,buy,3.036205,345.5514,1049.16,1.05
2026-04-24,2026-04-27,JPM,buy,0.786996,305.5037,240.43,0.24
2026-04-24,2026-04-27,LIN,buy,10.131804,507.0018,5136.84,5.14
2026-04-24,2026-04-27,NEE,buy,9.847186,94.4527,930.09,0.93
2026-04-24,2026-04-27,NVDA,buy,3.396237,209.1719,710.4,0.71
2026-04-24,2026-04-27,PLD,buy,1.589499,138.7238,220.5,0.22
2026-04-24,2026-04-27,TLT,buy,1.152153,84.5097,97.37,0.1
2026-04-24,2026-04-27,WMT,buy,0.206178,129.0641,26.61,0.03
2026-05-01,2026-05-04,CAT,sell,0.387432,885.6371,343.12,0.34
2026-05-01,2026-05-04,GLD,sell,11.900207,418.84,4984.28,4.98
2026-05-01,2026-05-04,GOOGL,sell,6.197803,385.1522,2387.1,2.39
2026-05-01,2026-05-04,TLT,sell,48.627239,83.7038,4070.28,4.07
2026-05-01,2026-05-04,AAPL,buy,2.786324,279.1618,777.84,0.78
2026-05-01,2026-05-04,AMZN,buy,0.046115,268.8,12.4,0.01
2026-05-01,2026-05-04,AVGO,buy,0.665132,416.8002,277.23,0.28
2026-05-01,2026-05-04,COST,buy,4.175639,1005.4215,4198.28,4.2
2026-05-01,2026-05-04,JPM,buy,0.250433,309.2269,77.44,0.08
2026-05-01,2026-05-04,LIN,buy,0.356656,500.3449,178.45,0.18
2026-05-01,2026-05-04,NEE,buy,1.05378,94.6596,99.75,0.1
2026-05-01,2026-05-04,NVDA,buy,3.975674,199.045,791.34,0.79
2026-05-01,2026-05-04,PLD,buy,0.934955,138.2313,129.24,0.13
2026-05-01,2026-05-04,USO,buy,21.88883,143.85,3148.71,3.15
2026-05-01,2026-05-04,WMT,buy,0.981998,129.8507,127.51,0.13
2026-05-08,2026-05-11,CAT,sell,0.031002,901.9368,27.96,0.03
2026-05-08,2026-05-11,GOOGL,sell,8.340704,393.1623,3279.25,3.28
2026-05-08,2026-05-11,JPM,sell,12.99,300.7452,3906.68,3.91
2026-05-08,2026-05-11,AAPL,buy,2.555954,291.7284,745.64,0.75
2026-05-08,2026-05-11,AMZN,buy,4.321982,269.84,1166.24,1.17
2026-05-08,2026-05-11,AVGO,buy,2.304748,426.1682,982.21,0.98
2026-05-08,2026-05-11,COST,buy,0.066013,1004.2234,66.29,0.07
2026-05-08,2026-05-11,GLD,buy,7.357951,434.18,3194.67,3.19
2026-05-08,2026-05-11,LIN,buy,0.361463,490.737,177.38,0.18
2026-05-08,2026-05-11,NEE,buy,2.047996,92.62,189.69,0.19
2026-05-08,2026-05-11,NVDA,buy,6.822151,213.5519,1456.88,1.46
2026-05-08,2026-05-11,PLD,buy,6.986331,142.1417,993.05,0.99
2026-05-08,2026-05-11,USO,buy,1.48285,136.69,202.69,0.2
2026-05-08,2026-05-11,WMT,buy,0.934719,129.8691,121.39,0.12
2026-05-15,2026-05-18,AAPL,sell,8.016964,299.9813,2404.94,2.4
2026-05-15,2026-05-18,AMZN,sell,2.92974,263.87,773.07,0.77
2026-05-15,2026-05-18,AVGO,sell,1.981793,419.9793,832.31,0.83
2026-05-15,2026-05-18,COST,sell,0.154637,1048.3333,162.11,0.16
2026-05-15,2026-05-18,JPM,sell,14.163375,296.6635,4201.76,4.2
2026-05-15,2026-05-18,LIN,sell,2.334743,503.1666,1174.76,1.17
2026-05-15,2026-05-18,NEE,sell,57.487124,89.7823,5161.33,5.16
2026-05-15,2026-05-18,NVDA,sell,4.110113,229.3458,942.64,0.94
2026-05-15,2026-05-18,PLD,sell,44.950574,138.9996,6248.11,6.25
2026-05-15,2026-05-18,USO,sell,1.348408,145.91,196.75,0.2
2026-05-15,2026-05-18,WMT,sell,16.615063,131.2059,2179.99,2.18
2026-05-15,2026-05-18,BRK-B,buy,11.131488,481.13,5355.69,5.36
2026-05-15,2026-05-18,CAT,buy,0.14424,891.6659,128.61,0.13
2026-05-15,2026-05-18,GLD,buy,0.296319,419.82,124.4,0.12
2026-05-15,2026-05-18,GOOGL,buy,0.018427,395.1998,7.28,0.01
2026-05-15,2026-05-18,UNH,buy,13.896021,385.412,5355.69,5.36
2026-05-15,2026-05-18,XOM,buy,34.26374,156.3079,5355.69,5.36
2026-05-22,2026-05-26,AAPL,sell,8.31702,309.2933,2572.4,2.57
2026-05-22,2026-05-26,AMZN,sell,5.110838,267.94,1369.4,1.37
2026-05-22,2026-05-26,AVGO,sell,2.794272,417.0792,1165.43,1.17
2026-05-22,2026-05-26,BRK-B,sell,0.292735,485.5,142.12,0.14
2026-05-22,2026-05-26,CAT,sell,1.260099,883.3114,1113.06,1.11
2026-05-22,2026-05-26,COST,sell,4.087015,1024.5011,4187.15,4.19
2026-05-22,2026-05-26,GLD,sell,0.049181,415.16,20.42,0.02
2026-05-22,2026-05-26,LIN,sell,0.33329,514.5232,171.49,0.17
2026-05-22,2026-05-26,NVDA,sell,7.130142,216.0462,1540.44,1.54
2026-05-22,2026-05-26,UNH,sell,0.101055,381.459,38.55,0.04
2026-05-22,2026-05-26,WMT,sell,48.982792,120.4018,5897.61,5.9
2026-05-22,2026-05-26,GOOGL,buy,3.041742,384.0336,1168.13,1.17
2026-05-22,2026-05-26,JNJ,buy,22.695996,231.8565,5262.21,5.26
2026-05-22,2026-05-26,PLD,buy,29.076743,144.7814,4209.77,4.21
2026-05-22,2026-05-26,USO,buy,1.134486,136.34,154.68,0.15
2026-05-22,2026-05-26,XOM,buy,0.239766,152.5125,36.57,0.04
2026-05-29,2026-06-01,AAPL,sell,0.143626,309.3632,44.43,0.04
2026-05-29,2026-06-01,BRK-B,sell,0.885259,473.05,418.77,0.42
2026-05-29,2026-06-01,LIN,sell,0.752995,492.9626,371.2,0.37
2026-05-29,2026-06-01,NVDA,sell,4.972323,215.238,1070.23,1.07
2026-05-29,2026-06-01,USO,sell,23.157758,135.65,3141.35,3.14
2026-05-29,2026-06-01,XOM,sell,2.269878,146.0742,331.57,0.33
2026-05-29,2026-06-01,AMZN,buy,3.940461,266.29,1049.31,1.05
2026-05-29,2026-06-01,AVGO,buy,0.616115,448.562,276.37,0.28
2026-05-29,2026-06-01,CAT,buy,0.163336,858.5672,140.24,0.14
2026-05-29,2026-06-01,GLD,buy,0.053625,409.86,21.98,0.02
2026-05-29,2026-06-01,GOOGL,buy,0.460995,376.0535,173.36,0.17
2026-05-29,2026-06-01,JNJ,buy,0.858973,222.1046,190.78,0.19
2026-05-29,2026-06-01,PLD,buy,0.933709,139.4625,130.22,0.13
2026-05-29,2026-06-01,TLT,buy,37.539092,83.6195,3139.0,3.14
2026-05-29,2026-06-01,UNH,buy,0.280559,371.6854,104.28,0.1
2026-06-05,2026-06-08,AMZN,sell,10.389109,246.68,2562.79,2.56
2026-06-05,2026-06-08,AVGO,sell,7.972666,401.2531,3199.06,3.2
2026-06-05,2026-06-08,CAT,sell,1.703166,915.302,1558.91,1.56
2026-06-05,2026-06-08,GOOGL,sell,5.284596,364.9454,1928.59,1.93
2026-06-05,2026-06-08,JNJ,sell,1.390328,231.6276,322.04,0.32
2026-06-05,2026-06-08,NVDA,sell,9.486857,209.9451,1991.72,1.99
2026-06-05,2026-06-08,PLD,sell,1.153648,142.3288,164.2,0.16
2026-06-05,2026-06-08,TLT,sell,0.830863,83.9149,69.72,0.07
2026-06-05,2026-06-08,XOM,sell,4.886782,150.1875,733.93,0.73
2026-06-05,2026-06-08,AAPL,buy,9.610557,308.474,2964.61,2.96
2026-06-05,2026-06-08,BRK-B,buy,0.607351,486.13,295.25,0.3
2026-06-05,2026-06-08,GLD,buy,0.090246,397.52,35.87,0.04
2026-06-05,2026-06-08,LIN,buy,0.696597,505.4654,352.11,0.35
2026-06-05,2026-06-08,LLY,buy,4.43598,1157.3415,5133.94,5.13
2026-06-05,2026-06-08,UNH,buy,4.238585,392.4581,1663.47,1.66
2026-06-12,2026-06-15,AAPL,sell,8.929812,293.8665,2624.17,2.62
2026-06-12,2026-06-15,AMZN,sell,24.974592,245.02,6119.27,6.12
2026-06-12,2026-06-15,AVGO,sell,15.35373,394.1673,6051.94,6.05
2026-06-12,2026-06-15,BRK-B,sell,0.07497,487.56,36.55,0.04
2026-06-12,2026-06-15,GOOGL,sell,5.855957,367.6937,2153.2,2.15
2026-06-12,2026-06-15,NVDA,sell,14.627555,208.6865,3052.57,3.05
2026-06-12,2026-06-15,UNH,sell,0.6068,404.211,245.28,0.25
2026-06-12,2026-06-15,XOM,sell,27.346846,138.841,3796.86,3.8
2026-06-12,2026-06-15,CAT,buy,0.964645,933.2687,900.27,0.9
2026-06-12,2026-06-15,GLD,buy,2.489081,399.49,994.36,0.99
2026-06-12,2026-06-15,JNJ,buy,12.230054,237.8271,2908.64,2.91
2026-06-12,2026-06-15,JPM,buy,31.708595,322.4673,10224.99,10.22
2026-06-12,2026-06-15,LIN,buy,3.73263,517.3662,1931.14,1.93
2026-06-12,2026-06-15,LLY,buy,3.690717,1132.3774,4179.28,4.18
2026-06-12,2026-06-15,PLD,buy,12.878517,146.9976,1893.11,1.89
2026-06-12,2026-06-15,TLT,buy,23.699144,84.6336,2005.74,2.01
2026-06-26,2026-06-29,AAPL,sell,9.913944,286.4829,2840.18,2.84
2026-06-26,2026-06-29,BRK-B,sell,0.096259,497.79,47.92,0.05
2026-06-26,2026-06-29,CAT,sell,0.346029,996.5613,344.84,0.34
2026-06-26,2026-06-29,GLD,sell,1.864387,370.58,690.9,0.69
2026-06-26,2026-06-29,GOOGL,sell,4.3263,341.6104,1477.91,1.48
2026-06-26,2026-06-29,JNJ,sell,1.550716,251.9474,390.7,0.39
2026-06-26,2026-06-29,JPM,sell,0.057894,326.8077,18.92,0.02
2026-06-26,2026-06-29,LLY,sell,0.502542,1221.0304,613.62,0.61
2026-06-26,2026-06-29,NVDA,sell,3.130849,193.6333,606.24,0.61
2026-06-26,2026-06-29,PLD,sell,4.248561,137.9646,586.15,0.59
2026-06-26,2026-06-29,TLT,sell,0.278007,86.012,23.91,0.02
2026-06-26,2026-06-29,UNH,sell,0.627222,423.9197,265.89,0.27
2026-06-26,2026-06-29,GE,buy,14.099744,366.8043,5171.85,5.17
2026-06-26,2026-06-29,LIN,buy,0.136513,517.416,70.63,0.07
2026-06-26,2026-06-29,V,buy,12.25401,337.6427,4137.48,4.14
2026-07-10,2026-07-13,CAT,sell,6.227631,937.4709,5838.22,5.84
2026-07-10,2026-07-13,GOOGL,sell,0.463385,355.9612,164.95,0.16
2026-07-10,2026-07-13,JNJ,sell,4.350461,256.6841,1116.69,1.12
2026-07-10,2026-07-13,LIN,sell,0.147947,529.1773,78.29,0.08
2026-07-10,2026-07-13,NVDA,sell,1.304249,208.3069,271.68,0.27
2026-07-10,2026-07-13,PLD,sell,7.691075,140.2664,1078.8,1.08
2026-07-10,2026-07-13,V,sell,0.349719,351.0778,122.78,0.12
2026-07-10,2026-07-13,AAPL,buy,15.245426,316.7468,4828.94,4.83
2026-07-10,2026-07-13,BRK-B,buy,2.253317,495.85,1117.31,1.12
2026-07-10,2026-07-13,GE,buy,6.466145,355.6292,2299.55,2.3
2026-07-10,2026-07-13,GLD,buy,0.035015,372.77,13.05,0.01
2026-07-10,2026-07-13,JPM,buy,2.318573,338.34,784.47,0.78
2026-07-10,2026-07-13,LLY,buy,0.355587,1178.4213,419.03,0.42
2026-07-10,2026-07-13,TLT,buy,2.663304,83.1971,221.58,0.22
2026-07-10,2026-07-13,UNH,buy,2.640252,423.8601,1119.1,1.12
2026-07-17,2026-07-20,GE,sell,2.823234,353.2628,997.34,1.0
2026-07-17,2026-07-20,GOOGL,sell,2.759804,350.6546,967.74,0.97
2026-07-17,2026-07-20,JPM,sell,0.350186,341.8,119.69,0.12
2026-07-17,2026-07-20,LIN,sell,1.64305,511.8943,841.07,0.84
2026-07-17,2026-07-20,PLD,sell,1.52909,147.8263,226.04,0.23
2026-07-17,2026-07-20,TLT,sell,0.101157,83.3156,8.43,0.01
2026-07-17,2026-07-20,UNH,sell,0.039701,424.6353,16.86,0.02
2026-07-17,2026-07-20,AAPL,buy,1.661771,333.2226,553.74,0.55
2026-07-17,2026-07-20,BRK-B,buy,0.135758,490.49,66.59,0.07
2026-07-17,2026-07-20,GLD,buy,0.112254,367.79,41.29,0.04
2026-07-17,2026-07-20,JNJ,buy,0.666126,250.7732,167.05,0.17
2026-07-17,2026-07-20,LLY,buy,0.001611,1177.962,1.9,0.0
2026-07-17,2026-07-20,NVDA,buy,0.256388,205.6399,52.72,0.05
2026-07-17,2026-07-20,V,buy,2.74955,356.4378,980.04,0.98
2026-07-24,2026-07-27,BRK-B,sell,0.116161,497.25,57.76,0.06
2026-07-24,2026-07-27,GE,sell,3.139711,359.3136,1128.14,1.13
2026-07-24,2026-07-27,GLD,sell,0.100741,373.89,37.67,0.04
2026-07-24,2026-07-27,JPM,sell,1.364822,357.89,488.46,0.49
2026-07-24,2026-07-27,LIN,sell,10.203638,511.6451,5220.64,5.22
2026-07-24,2026-07-27,LLY,sell,0.106082,1199.2814,127.22,0.13
2026-07-24,2026-07-27,TLT,sell,24.643081,82.7425,2039.03,2.04
2026-07-24,2026-07-27,UNH,sell,2.187365,419.9243,918.53,0.92
2026-07-24,2026-07-27,AAPL,buy,3.185772,334.2517,1064.85,1.06
2026-07-24,2026-07-27,GOOGL,buy,1.006075,324.8312,326.8,0.33
2026-07-24,2026-07-27,JNJ,buy,2.973904,261.2615,776.97,0.78
2026-07-24,2026-07-27,NEE,buy,35.376932,88.9908,3148.22,3.15
2026-07-24,2026-07-27,NVDA,buy,4.910374,207.9673,1021.2,1.02
2026-07-24,2026-07-27,PLD,buy,7.640088,146.1298,1116.44,1.12
2026-07-24,2026-07-27,V,buy,2.900466,358.6837,1040.35,1.04
2026-07-24,2026-07-27,XOM,buy,27.600504,152.0852,4197.63,4.2
2026-07-31,2026-08-03,AAPL,sell,0.916631,309.3132,283.53,0.28
2026-07-31,2026-08-03,BRK-B,sell,0.545899,514.93,281.1,0.28
2026-07-31,2026-08-03,GE,sell,0.289043,363.2377,104.99,0.1
2026-07-31,2026-08-03,NEE,sell,35.376932,86.1025,3046.04,3.05
2026-07-31,2026-08-03,TLT,sell,12.560631,81.5974,1024.92,1.02
2026-07-31,2026-08-03,V,sell,0.591463,367.8167,217.55,0.22
2026-07-31,2026-08-03,AMZN,buy,18.683199,278.29,5199.35,5.2
2026-07-31,2026-08-03,GLD,buy,0.008915,370.1,3.3,0.0
2026-07-31,2026-08-03,GOOGL,buy,1.313899,365.2153,479.86,0.48
2026-07-31,2026-08-03,JNJ,buy,0.654564,253.7187,166.08,0.17
2026-07-31,2026-08-03,JPM,buy,0.0809,353.75,28.62,0.03
2026-07-31,2026-08-03,LLY,buy,0.260352,1150.3515,299.5,0.3
2026-07-31,2026-08-03,MSFT,buy,10.940574,475.2354,5199.35,5.2
2026-07-31,2026-08-03,NVDA,buy,1.099835,197.469,217.18,0.22
2026-07-31,2026-08-03,PLD,buy,0.292996,143.6297,42.08,0.04
2026-07-31,2026-08-03,UNH,buy,0.051964,414.8754,21.56,0.02
2026-07-31,2026-08-03,XOM,buy,6.499678,152.4727,991.02,0.99
2026-08-07,2026-08-10,AAPL,sell,2.655263,306.83,814.71,0.81
2026-08-07,2026-08-10,BRK-B,sell,0.043309,524.6,22.72,0.02
2026-08-07,2026-08-10,GE,sell,0.085648,370.9559,31.77,0.03
2026-08-07,2026-08-10,JNJ,sell,4.124023,257.7886,1063.13,1.06
2026-08-07,2026-08-10,JPM,sell,2.845534,357.96,1018.59,1.02
2026-08-07,2026-08-10,LLY,sell,0.998984,1183.3143,1182.11,1.18
2026-08-07,2026-08-10,MSFT,sell,0.436859,502.4941,219.52,0.22
2026-08-07,2026-08-10,PLD,sell,36.199678,137.0221,4960.16,4.96
2026-08-07,2026-08-10,UNH,sell,4.548286,406.0994,1847.06,1.85
2026-08-07,2026-08-10,AMZN,buy,4.431522,274.01,1214.28,1.21
2026-08-07,2026-08-10,AVGO,buy,9.906865,426.2139,4222.44,4.22
2026-08-07,2026-08-10,GLD,buy,4.842017,397.71,1925.72,1.93
2026-08-07,2026-08-10,GOOGL,buy,0.633383,354.9519,224.82,0.22
2026-08-07,2026-08-10,NVDA,buy,6.783512,223.1503,1513.74,1.51
2026-08-07,2026-08-10,TLT,buy,0.335587,81.7562,27.44,0.03
2026-08-07,2026-08-10,V,buy,0.565971,361.3288,204.5,0.2
2026-08-07,2026-08-10,XOM,buy,0.283185,153.506,43.47,0.04
2026-08-14,2026-08-17,AAPL,sell,3.619636,306.21,1108.37,1.11
2026-08-14,2026-08-17,GLD,sell,0.264496,402.34,106.42,0.11
2026-08-14,2026-08-17,JNJ,sell,0.223374,257.5995,57.54,0.06
2026-08-14,2026-08-17,JPM,sell,0.572782,361.94,207.31,0.21
2026-08-14,2026-08-17,LLY,sell,0.011952,1175.2,14.05,0.01
2026-08-14,2026-08-17,NVDA,sell,0.656979,225.7274,148.3,0.15
2026-08-14,2026-08-17,TLT,sell,0.022768,81.1311,1.85,0.0
2026-08-14,2026-08-17,V,sell,0.221741,362.84,80.46,0.08
2026-08-14,2026-08-17,XOM,sell,1.697032,160.1,271.69,0.27
2026-08-14,2026-08-17,AMZN,buy,0.542974,265.44,144.13,0.14
2026-08-14,2026-08-17,AVGO,buy,0.650677,396.5379,258.02,0.26
2026-08-14,2026-08-17,BRK-B,buy,0.375282,504.45,189.31,0.19
2026-08-14,2026-08-17,GE,buy,0.018737,367.3115,6.88,0.01
2026-08-14,2026-08-17,GOOGL,buy,0.252662,346.0476,87.43,0.09
2026-08-14,2026-08-17,MSFT,buy,0.193093,489.2191,94.46,0.09
2026-08-14,2026-08-17,UNH,buy,0.213539,396.1308,84.59,0.08
2026-08-21,2026-08-24,AAPL,sell,7.21807,311.47,2248.21,2.25
2026-08-21,2026-08-24,AMZN,sell,3.535239,259.6,917.75,0.92
2026-08-21,2026-08-24,AVGO,sell,10.557542,364.3066,3846.18,3.85
2026-08-21,2026-08-24,GE,sell,14.246989,346.0638,4930.37,4.93
2026-08-21,2026-08-24,GLD,sell,0.817164,428.55,350.2,0.35
2026-08-21,2026-08-24,JNJ,sell,1.194572,268.4162,320.64,0.32
2026-08-21,2026-08-24,JPM,sell,2.302578,353.3,813.5,0.81
2026-08-21,2026-08-24,TLT,sell,0.270609,81.8455,22.15,0.02
2026-08-21,2026-08-24,UNH,sell,13.210491,388.6469,5134.22,5.13
2026-08-21,2026-08-24,BRK-B,buy,2.232916,498.13,1112.28,1.11
2026-08-21,2026-08-24,CVX,buy,20.518643,203.67,4179.03,4.18
2026-08-21,2026-08-24,GOOGL,buy,0.089563,343.3993,30.76,0.03
2026-08-21,2026-08-24,LLY,buy,0.325217,1262.14,410.47,0.41
2026-08-21,2026-08-24,MSFT,buy,0.113792,483.21,54.99,0.05
2026-08-21,2026-08-24,NVDA,buy,1.513228,215.2891,325.78,0.33
2026-08-21,2026-08-24,V,buy,5.084995,373.26,1898.03,1.9
2026-08-21,2026-08-24,XOM,buy,5.566842,163.87,912.24,0.91
2026-08-28,2026-08-31,AAPL,sell,0.484869,319.6,154.96,0.15
2026-08-28,2026-08-31,BRK-B,sell,2.22823,504.06,1123.16,1.12
2026-08-28,2026-08-31,JPM,sell,0.157939,355.9,56.21,0.06
2026-08-28,2026-08-31,LLY,sell,2.077746,1168.47,2427.78,2.43
2026-08-28,2026-08-31,V,sell,3.188171,381.35,1215.81,1.22
2026-08-28,2026-08-31,AMZN,buy,7.635596,263.83,2014.5,2.01
2026-08-28,2026-08-31,CVX,buy,4.864727,206.08,1002.52,1.0
2026-08-28,2026-08-31,GLD,buy,5.770638,407.76,2353.04,2.35
2026-08-28,2026-08-31,GOOGL,buy,0.011707,343.6091,4.02,0.0
2026-08-28,2026-08-31,JNJ,buy,4.085447,267.13,1091.35,1.09
2026-08-28,2026-08-31,MSFT,buy,7.638024,510.38,3898.29,3.9
2026-08-28,2026-08-31,NVDA,buy,4.313177,218.6254,942.97,0.94
2026-08-28,2026-08-31,TLT,buy,0.04146,81.8256,3.39,0.0
2026-08-28,2026-08-31,USO,buy,23.596745,133.01,3138.6,3.14
2026-08-28,2026-08-31,XOM,buy,0.994076,159.94,158.99,0.16
2026-09-04,2026-09-08,AMZN,sell,3.224082,256.68,827.56,0.83
2026-09-04,2026-09-08,GOOGL,sell,2.707302,335.42,908.08,0.91
2026-09-04,2026-09-08,JPM,sell,0.004166,357.1,1.49,0.0
2026-09-04,2026-09-08,LLY,sell,0.74037,1133.0,838.84,0.84
2026-09-04,2026-09-08,MSFT,sell,1.417517,493.01,698.85,0.7
2026-09-04,2026-09-08,TLT,sell,0.006445,82.1093,0.53,0.0
2026-09-04,2026-09-08,USO,sell,1.821575,144.6,263.4,0.26
2026-09-04,2026-09-08,XOM,sell,0.038117,160.61,6.12,0.01
2026-09-04,2026-09-08,AAPL,buy,3.528347,317.1,1118.84,1.12
2026-09-04,2026-09-08,BRK-B,buy,0.06635,503.0,33.37,0.03
2026-09-04,2026-09-08,CVX,buy,4.426711,211.25,935.14,0.94
2026-09-04,2026-09-08,GLD,buy,0.245239,403.56,98.97,0.1
2026-09-04,2026-09-08,JNJ,buy,3.488777,271.28,946.44,0.95
2026-09-04,2026-09-08,NVDA,buy,2.284406,232.8494,531.92,0.53
2026-09-04,2026-09-08,V,buy,0.567206,371.6,210.77,0.21
2026-09-11,2026-09-14,AMZN,sell,3.884248,253.15,983.3,0.98
2026-09-11,2026-09-14,GLD,sell,2.198357,391.89,861.51,0.86
2026-09-11,2026-09-14,GOOGL,sell,0.328303,343.12,112.65,0.11
2026-09-11,2026-09-14,JNJ,sell,3.957034,271.0,1072.36,1.07
2026-09-11,2026-09-14,JPM,sell,2.840494,354.23,1006.19,1.01
2026-09-11,2026-09-14,LLY,sell,1.885784,1142.2,2153.94,2.15
2026-09-11,2026-09-14,MSFT,sell,0.204238,497.06,101.52,0.1
2026-09-11,2026-09-14,NVDA,sell,0.972683,211.24,205.47,0.21
2026-09-11,2026-09-14,USO,sell,2.102044,159.43,335.13,0.34
2026-09-11,2026-09-14,V,sell,0.258833,375.07,97.08,0.1
2026-09-11,2026-09-14,AAPL,buy,1.813549,334.79,607.16,0.61
2026-09-11,2026-09-14,BRK-B,buy,1.751943,512.8,898.4,0.9
2026-09-11,2026-09-14,CVX,buy,3.915579,217.0,849.68,0.85
2026-09-11,2026-09-14,TLT,buy,0.41137,80.4958,33.11,0.03
2026-09-11,2026-09-14,XOM,buy,4.172417,168.7,703.89,0.7
2026-09-18,2026-09-21,AMZN,sell,4.324599,256.4,1108.83,1.11
2026-09-18,2026-09-21,CVX,sell,3.523905,207.89,732.58,0.73
2026-09-18,2026-09-21,GLD,sell,5.547014,400.17,2219.75,2.22
2026-09-18,2026-09-21,JNJ,sell,0.056225,271.74,15.28,0.02
2026-09-18,2026-09-21,JPM,sell,2.900042,353.67,1025.66,1.03
2026-09-18,2026-09-21,LLY,sell,0.003041,1144.5,3.48,0.0
2026-09-18,2026-09-21,MSFT,sell,2.027227,494.95,1003.38,1.0
2026-09-18,2026-09-21,NVDA,sell,2.044033,222.94,455.7,0.46
2026-09-18,2026-09-21,TLT,sell,0.262864,81.3922,21.4,0.02
2026-09-18,2026-09-21,V,sell,2.521845,369.54,931.92,0.93
2026-09-18,2026-09-21,AAPL,buy,3.107132,335.28,1041.76,1.04
2026-09-18,2026-09-21,BRK-B,buy,2.210064,507.93,1122.56,1.12
2026-09-18,2026-09-21,GOOGL,buy,2.73376,350.64,958.57,0.96
2026-09-18,2026-09-21,USO,buy,1.413126,148.88,210.39,0.21
2026-09-18,2026-09-21,XOM,buy,2.127161,160.96,342.39,0.34
2026-09-25,2026-09-28,GLD,sell,2.207995,379.76,838.51,0.84
2026-09-25,2026-09-28,JPM,sell,2.376401,341.83,812.33,0.81
2026-09-25,2026-09-28,NVDA,sell,1.177515,229.75,270.53,0.27
2026-09-25,2026-09-28,V,sell,2.747333,366.7,1007.45,1.01
2026-09-25,2026-09-28,XOM,sell,0.593973,162.8,96.7,0.1
2026-09-25,2026-09-28,AAPL,buy,2.599949,340.37,884.94,0.88
2026-09-25,2026-09-28,AMZN,buy,0.616668,246.63,152.09,0.15
2026-09-25,2026-09-28,BRK-B,buy,0.06629,505.0,33.48,0.03
2026-09-25,2026-09-28,CVX,buy,0.076176,207.0,15.77,0.02
2026-09-25,2026-09-28,GOOGL,buy,0.408172,340.7,139.06,0.14
2026-09-25,2026-09-28,JNJ,buy,0.124187,270.17,33.55,0.03
2026-09-25,2026-09-28,LLY,buy,0.797115,1180.3,940.83,0.94
2026-09-25,2026-09-28,MSFT,buy,1.732909,505.47,875.93,0.88
2026-09-25,2026-09-28,TLT,buy,0.956413,78.3345,74.92,0.07
2026-09-25,2026-09-28,USO,buy,13.300099,151.89,2020.15,2.02
