date,portfolio,spy_buy_hold,equal_weight,sixty_forty,momentum_12_1,large_company_core
2026-04-06,100000.0,100000.0,100000.0,100000.0,100000.0,100000.0
2026-04-07,100245.33335437295,100043.99759996164,100085.88558299572,100174.64872995086,101162.72811970749,100111.2966663313
2026-04-08,102336.09075429526,102592.07866316561,101740.83903056072,101707.27324108692,106346.76172718065,100866.9475818897
2026-04-09,103147.32272874562,103183.9329627766,102611.12151518387,102063.26285998253,107628.48981036348,101281.25549655569
2026-04-10,102892.19446245892,103115.65568852381,102249.01583410602,102022.195318771,109353.05367108839,101447.92893421976
2026-04-13,103279.47296067023,104123.34595882603,102766.01089699645,102628.30272649867,110686.0114817245,101703.97683052492
2026-04-14,104034.3210403373,105392.07065683129,103379.01888884422,103391.41760464213,112183.59366959345,102477.22892934697
2026-04-15,104338.05309926206,106223.72397883162,103599.62659822838,103891.64198308586,113156.94130490425,102954.04486320906
2026-04-16,104506.95206165758,106484.74909684359,103862.24263954978,104048.64385389147,113329.52466258263,103037.60063408317
2026-04-17,105414.51074078753,107771.69286025828,104643.77919363634,104822.71716919758,115792.23153691867,103419.67594267477
2026-04-20,105129.99652993146,107556.17351216008,104441.44761533772,104693.08619305273,114863.25379047767,103198.8864307374
2026-04-21,104310.60053019796,106852.01640926147,104077.74600319503,104269.54847630678,114652.88126303004,103056.37189447862
2026-04-22,105047.79356500549,107934.0724917714,104894.16777957795,104920.38557031717,117903.86497332748,103556.60371640156
2026-04-23,105545.70673264048,107515.21087148483,105581.18395222122,104668.4479081699,118802.99483867403,103190.70426705669
2026-04-24,105747.99187319691,108348.38167312837,105805.15258083428,105169.58502307633,119490.17891246751,103797.80797868539
2026-04-27,105611.1591628331,108535.04097893264,105742.1918537521,105281.8572075992,119586.09176515671,103984.96896642187
2026-04-28,105406.71294722673,108006.91151464485,105845.50632164413,104964.196920527,117145.94058882771,103917.8350984948
2026-04-29,105451.00490314541,107990.21923856968,106151.95701530161,104954.15681943725,117373.75662825417,103818.38700041361
2026-04-30,106796.91373255744,109064.68792286362,107318.85572158564,105600.43023113412,126141.25392600433,103535.7223618804
2026-05-01,106915.06745915629,109366.69430093297,107300.02640633998,105782.08158604293,126611.1440659955,103769.46335255913
2026-05-04,105721.25833251815,108966.04243636478,106243.73121789689,105541.09676144812,125165.20550212412,103760.73459005365
2026-05-05,106583.54261096257,109840.19449806568,106908.37342660737,106066.88336045777,128223.96813619396,103864.90756899977
2026-05-06,107418.3756578269,111366.90935479652,107533.13099306464,106985.17463648142,130121.16077951291,104411.70593460104
2026-05-07,106811.6519565356,111025.44850600405,106979.39507766513,106779.79213354229,127354.51482671476,104522.05786263933
2026-05-08,106914.43784833449,111942.0806880234,107170.53053381457,107331.12975389748,129522.67934467565,104652.49377082291
2026-05-11,107194.46483256563,112197.0358874626,107535.937479713,107484.48067885224,129385.41123902879,104411.09785420899
2026-05-12,107309.63658738449,112027.0688577335,107947.77950389047,107382.24859541912,127633.75287077247,104373.8108094014
2026-05-13,107894.91544812909,112653.84380852013,108443.99952114039,107759.24235217733,128601.3960891116,104902.80517506922
2026-05-14,108530.81458410797,113543.16135696195,109045.42315718162,108294.15071620385,131605.887460427,105100.43823542018
2026-05-15,107654.30224676628,112177.3179617921,108278.16504520868,107472.62070444728,128166.48231432044,104885.59433560394
2026-05-18,107744.77253947456,112098.3997106548,108378.54724635089,107425.15280877645,126598.048878248,104792.1902482517
2026-05-19,107393.31760007881,111351.73455836455,108098.05315667822,106976.04727185438,124418.56953601357,104417.96806298028
2026-05-20,107845.37313397153,112492.97234695916,108247.77834301474,107662.48108791024,125813.29148130852,104714.35347829406
2026-05-21,107630.03270661486,112716.06047389121,108018.38424899562,107796.66454714822,125044.2009409173,104720.58116705
2026-05-22,107809.13311398202,113159.21107815998,108240.77006079147,108063.21159230897,125130.80382962881,104597.42374651547
2026-05-26,107775.86714461558,113910.42866937982,107929.54346380621,108515.05533861916,127911.80337203888,104624.66412479892
2026-05-27,107936.21106042391,113890.70143401826,108125.86353443164,108503.189764604,127954.99476819979,104859.70744694893
2026-05-28,108317.38559656871,114518.98455475704,108413.19944550795,108881.09065821471,127546.98172293544,105136.036077285
2026-05-29,107971.30153864954,114804.29865675123,107960.44310239483,109052.70191203378,127980.73464231228,105097.5109193763
2026-06-01,107562.141502046,115116.92739232295,107658.21934411474,109240.74242218153,128402.08162582568,104966.01933448405
2026-06-02,107631.77375208451,115273.24641495434,107759.91609304007,109334.76547706051,131067.24825409883,104560.93003107296
2026-06-03,107581.80553194256,114464.35528760195,107780.13447714907,108848.23214555734,131273.1488603563,104165.46131585084
2026-06-04,108304.92257811513,114896.87422467729,108590.50804723742,109108.38443586897,127240.39041995327,104560.58510407397
2026-06-05,106812.20615193795,111931.45833052103,107297.57656528294,107324.74059865854,121777.7224263615,103631.67222787328
2026-06-08,106614.02090525755,112184.89605031702,107217.2266725309,107477.17878715061,122861.95744145886,103433.91134780247
2026-06-09,106632.84847376295,111855.57503867013,107304.27818854188,107279.09817591311,122470.41810862819,103149.4712207437
2026-06-10,105001.06954241583,110092.11473821847,105815.48177584694,106218.40881248713,116844.43202485362,102607.06731456277
2026-06-11,106134.3489533213,111963.33471271922,106680.15730833738,107343.91366398554,120293.00427323882,102762.65921614287
2026-06-12,106405.41539494669,112568.85563881006,106910.93296788004,107708.12351065567,120746.46978964718,102663.11875312583
2026-06-15,107330.40638337731,114553.89589624164,107737.47414413127,108902.08919646712,124103.65355860064,103466.37796628909
2026-06-16,107592.8405177588,113870.97419865671,107842.4507088018,108491.32419058884,123311.42282514156,103429.69713288885
2026-06-17,106302.33131787152,112448.96543730644,106466.75613293237,107636.01173049181,124405.24990961485,102640.44291170173
2026-06-18,106566.92012273293,113618.09506032447,106741.0220371255,108339.22197870881,128138.62821635809,103069.10162998077
2026-06-22,106091.27549641265,113260.54706537591,106241.83114963504,108124.16334934295,125913.76055557693,102321.42517653796
2026-06-23,105844.88437815354,111615.77601628078,106090.39699114503,107134.86341636497,122536.39576013376,102121.01940941112
2026-06-24,105762.78621272766,111564.04206304616,105873.56397546007,107103.74638248,123113.32149673351,101946.87852543459
2026-06-25,105513.88208694577,111725.3231510139,105746.79627183208,107200.75402959593,125517.40388468947,101194.52097091798
2026-06-26,105908.09052188693,110917.40023153201,106174.05489244584,106714.80305755364,120643.3552501192,101549.51102507065
2026-06-29,106627.4013275457,112744.74363205495,106769.83121316567,107813.9169461764,124847.60970100845,101967.60188256612
2026-06-30,106716.89958863963,113622.66611863619,106738.1184196154,108341.97138731732,127268.29801203296,102271.16535464469
2026-07-01,106965.74588971709,113468.99104826656,107037.65279451774,108249.53862173532,123425.1187686995,102875.12058531288
2026-07-02,107902.60039486075,113319.88703620865,108013.58552620467,108159.85526476185,121081.90076156182,102893.67601784763
2026-07-06,108130.78111525583,114308.87413716619,108090.82438156103,108754.71305559642,123472.07009589404,103168.63591290326
2026-07-07,108543.68229108604,113765.69090243024,108805.6551528982,108427.99819882978,121834.6563281773,103340.31616502923
2026-07-08,107961.5601769371,113414.22213574554,108207.79778059662,108216.59611492495,123469.54888473464,103287.96701849981
2026-07-09,108102.80876617639,114374.30264595385,108287.51894135086,108794.06711608653,123954.62062922865,103535.49445072601
2026-07-10,108675.86567676294,114867.26940709836,108729.91953505321,109090.57767543092,124300.06694183202,103924.53195006511
2026-07-13,108432.84562564004,113987.82944087392,108831.52110306945,108561.61049782729,121190.06945607008,103738.53582538888
2026-07-14,108656.41795464633,114392.55895012752,108993.95314633133,108805.04795169,122563.75249876612,103948.99892881214
2026-07-15,109238.96895558332,114845.96883394723,109536.19607835333,109077.76576729186,123464.56913552107,104711.62986569165
2026-07-16,109056.63003327553,114223.66253487061,109461.70572882557,108703.45982342995,117907.13540111162,104314.13424647553
2026-07-17,108618.04287604609,113093.1681297622,109170.4969644634,108023.48795754563,116835.39540064438,103857.0619979654
2026-07-20,108065.6551300188,112910.59577833439,108622.67335753543,107913.67400190084,117491.619949478,103967.74960143126
2026-07-21,108634.74954699731,113852.41998436903,109388.42796710522,108480.16416745896,119002.64025146018,103903.56817659736
2026-07-22,108573.8399613131,113720.03617745946,109372.33636186656,108400.53771040584,119467.50375643268,103668.9840556642
2026-07-23,107821.44998481739,112315.67859036382,108730.27105217018,107555.84211124922,116581.82928381521,102751.92461028714
2026-07-24,108273.66740098396,112429.78747371757,109082.00292109423,107624.47653347849,115460.63886232127,102808.41765432007
2026-07-27,108349.77444309606,112454.14162553723,108834.94635804028,107639.12511376337,115626.323649911,102781.23785780197
2026-07-28,108387.97302806465,112723.44305890381,108899.4543263761,107801.10503803733,114671.09140906483,102969.26957347985
2026-07-29,107267.96452381484,110988.91727827457,107921.01968502555,106757.81926311496,111219.62551606665,102655.49981297494
2026-07-30,107744.26422775409,112849.7290181674,108268.57915279396,107877.06375040904,113900.06125196206,103152.24694038718
2026-07-31,108461.21185518445,113662.23230565205,108905.44768918752,108365.76973067006,116783.58670181292,104149.48819485633
2026-08-03,109591.71517242055,115281.12241359327,109791.85730705097,109339.50274729024,119704.63212735565,105144.95067655257
2026-08-04,110577.96591903709,117359.52025300017,110525.084154274,110589.62132419372,124967.65250341831,105328.22683396247
2026-08-05,110760.15922655049,117125.20463864667,110700.9855139003,110448.68473505377,123051.09622552473,105175.94822424279
2026-08-06,110654.96686856754,116938.06122890714,110606.73840256038,110336.12137080048,122113.88061010157,105265.52045186127
2026-08-07,110707.17084080943,117653.17583818639,110638.14980572404,110766.24982875257,121782.0346754285,105406.23600179766
2026-08-10,111238.84944869285,117618.18070948224,111375.44234465652,110745.20089400836,121375.15970086257,105381.45391040317
2026-08-11,110768.98249860428,117242.36710066895,110873.29509626709,110519.15582942886,119488.86472584345,105041.6691716827
2026-08-12,110596.29810994734,117536.01337616412,110716.47278716546,110695.7787343775,120025.27912707168,104787.62253673477
2026-08-13,110859.22444308714,118356.12268124688,110826.56221985757,111189.05959617243,120469.89258386403,105019.52781550003
2026-08-14,110443.77850500625,118121.8070668934,110522.80386427266,111048.12300703248,117976.11234632309,104922.04513388166
2026-08-17,110069.78167125692,117563.40248727016,110161.8151141443,110712.25278758779,118874.80668075228,104554.25025297193
2026-08-18,110180.37664982335,116769.1741233413,110262.23883234432,110234.53884215064,115733.7087393932,104308.1960875372
2026-08-19,110238.38146194088,117014.1307145793,110282.90226527647,110381.87578574991,112854.23656028355,104538.04797707056
2026-08-20,108968.77107020158,116031.23215157667,109119.91174292627,109790.68013998657,112531.39609487593,104247.80563417204
2026-08-21,109387.4823847044,116505.94260854751,109618.66138147193,110076.20986372749,114020.45953611197,104246.7345613974
2026-08-24,109753.61156515936,116163.5973391041,110048.86807196114,109870.29539781928,112603.82443466067,104335.82534019316
2026-08-25,109931.35720826488,116534.84919929675,109997.02916983228,110093.59665340048,112289.08624733094,104524.08565504054
2026-08-26,109641.30021817944,116560.72083075959,109802.58706299469,110109.15797014807,112120.00815118931,104515.15531897118
2026-08-27,109538.77648190409,117324.52512429601,109656.47269207468,110568.57238944952,113370.6050655235,104914.94304738038
2026-08-28,109683.91037252161,117058.25865021582,109774.30420870565,110408.41793810096,112965.62395768554,105168.4568755978
2026-08-31,109289.78546256853,116708.3073631743,109506.75367450614,110197.92859065883,112197.8418996833,104868.55424809986
2026-09-01,108991.37328752856,115906.47298164734,109533.2963019885,109715.63976368777,110803.37886823728,104748.36351105357
2026-09-02,109396.46282699227,116420.74031594298,109990.4718730487,110024.96223117122,111394.87215244005,104987.73348789735
2026-09-03,110256.71747231406,117639.48128263338,110808.06174641944,110758.01280214742,111320.95071800331,105544.10673391739
2026-09-04,109594.85401004807,117186.07139881367,110133.38959004977,110485.29498654557,111618.98874502673,105330.88054787285
2026-09-08,108924.24244017596,116542.46452658591,109640.92081932751,110098.1771345446,113092.83815213993,105051.13651508317
2026-09-09,108622.41268633153,116000.80808118422,109293.38628223799,109772.38061385087,111495.56188160492,105058.15331587472
2026-09-10,108322.32241364685,115305.46725572186,109186.80274598785,109354.14572796493,110857.4247297919,105077.96344756558
2026-09-11,108998.45579912819,116288.36581872449,109671.63122992526,109945.34137372828,112255.97158656857,105395.98507673646
2026-09-14,108830.15036389981,115769.52742611713,109666.7233633382,109633.26949763631,110086.62557767272,105552.92647432446
2026-09-15,108557.62314758368,115238.521267291,109472.3748553014,109313.87893101212,109023.22080447251,105340.77965617094
2026-09-16,107930.7476309174,114730.33316125922,108744.07240850932,109008.21300898968,108777.2455930052,105270.07045550607
2026-09-17,108831.78168686177,116031.23215157667,109569.20868335798,109790.68013998657,110799.8956455134,105767.25759072222
2026-09-18,108876.8067345818,116180.55959622008,109561.80943168997,109880.49788760486,112579.76020005147,105738.61082486571
2026-09-21,109599.42350208326,117981.93826836953,110082.55262278454,110963.99446337804,114109.55843670071,106677.45026830424
2026-09-22,109377.07181154916,117963.63541574054,109770.36602397564,110952.98562972357,113487.83896291163,106535.82280278625
2026-09-23,108785.19947029433,117114.04231906266,109304.69482813394,110441.97080242321,111229.3519646108,106212.8926915094
2026-09-24,108762.14117457755,117017.94768791494,109394.90445699095,110384.17162593218,110940.3016439875,106441.80688635937
2026-09-25,109348.18042584983,117653.9950909999,109846.56443692732,110766.74259445023,112121.20750235126,106575.86181379073
2026-09-28,108643.25493475479,116778.4745047128,109326.65531917954,110240.13285274107,111585.29105207734,106211.17316977125
2026-09-29,108506.77908828134,116563.41133147667,108972.1873402636,110110.77625749605,112260.0309561276,106177.76243219257
2026-09-30,107804.77779526444,116323.93814827452,108207.2677543104,109966.73748430493,111471.95252713669,106297.19921934433
2026-10-01,107747.7743328603,116531.3766845304,108210.79275159439,110091.50799879564,110779.42173814843,106221.10183297201
2026-10-02,108290.46055815669,117393.1747861913,108750.42204696195,110609.86391506904,113420.60985242773,106542.22394423727
