date,portfolio,spy_buy_hold,equal_weight,sixty_forty,momentum_12_1
2025-10-03,100000.0,100000.0,100000.0,100000.0,100000.0
2025-10-06,99956.92055282088,100358.6235074524,100396.05922183354,99939.16659865272,100004.04772944702
2025-10-07,99837.827888567,99986.54965945931,100279.27343437877,99716.94557187468,99927.19307484009
2025-10-08,100499.34157587762,100582.77126612693,100779.28096317258,100073.03879996794,100820.25734847659
2025-10-09,100753.67660569656,100291.39024250161,100727.42233542482,99899.01154542447,100970.7315961668
2025-10-10,98964.79555309012,97580.72716468204,98797.3068101093,98280.06859726636,99122.65617432095
2025-10-13,101215.133595683,99078.01096105955,100272.6420400486,99174.32102700272,101633.81390851109
2025-10-14,99398.01554163461,98956.97633394605,99485.80790354598,99102.03312163678,99761.56015077462
2025-10-15,100227.78387606845,99396.30188464254,99972.36413069104,99364.42021358694,100720.07523142057
2025-10-16,100366.4877814084,98719.38745360715,99886.65768542263,98960.13321325908,101140.96617389699
2025-10-17,99969.36933815162,99279.73841254084,100209.13701839746,99294.80270460327,100602.93559423235
2025-10-20,101393.2330580195,100312.30787285583,101780.50547407582,99911.50459571584,102316.11964053646
2025-10-21,98773.27136543876,100310.80519601682,100705.84605375225,99910.60712229254,99102.28224159227
2025-10-22,98297.9327505528,99789.30258186616,100619.63753355353,99599.1397966283,98628.06180722277
2025-10-23,98754.27821929495,100381.03459576934,100932.49949764482,99952.55161639547,99150.558875567
2025-10-24,99994.17918050096,101201.40396111146,101650.31203811214,100442.51704580396,100403.19624087651
2025-10-27,100532.58934252983,102395.34985128569,102594.65966894846,101155.60097541382,100773.98416961898
2025-10-28,102028.93196852245,102667.3159213958,103402.58581137979,101318.03265308923,102374.63324208846
2025-10-29,102921.67263694084,102716.63690967041,103816.66504919548,101347.48960287275,103342.73484019568
2025-10-30,103185.88546382159,101586.94658739785,101866.11328761047,100672.7822975603,103675.25125957775
2025-10-31,103172.02534868877,101920.17209060791,101200.98596016818,100871.8011586584,103598.98853255817
2025-11-03,103734.17977122821,102111.43611747393,101056.14159649334,100987.78740501369,104263.54717131479
2025-11-04,101982.47301417327,100901.0529708336,100183.9790095707,100273.52604695456,102290.49393952648
2025-11-05,102078.64282087568,101250.72494938606,100022.55556530714,100479.87160205367,102374.91199230497
2025-11-06,101179.5430728854,100164.37256466097,99258.91026473348,99838.80225818657,101344.6708331163
2025-11-07,101460.44372970807,100262.97766570492,99631.21679390038,99896.99029028096,101653.37290921218
2025-11-10,104198.06942017694,101827.51316478585,101328.48968635994,100820.24112486756,104699.51835882204
2025-11-11,103300.43230299462,102060.64010898925,101447.44176862898,100957.81208182371,103721.44470610665
2025-11-12,104431.12786252094,102117.42838707738,101358.37784550479,100991.32351391995,104931.20348632602
2025-11-13,101915.46702240448,100422.88829423039,100157.24733141057,99991.35543657016,102276.39005879883
2025-11-14,101186.03171066722,100406.44181888798,100115.43072955238,99981.65017766436,101527.83254906995
2025-11-17,99941.24268524605,99471.00243940686,99030.60677201359,99429.63637655952,100173.4957518342
2025-11-18,99273.1644717084,98635.70771331397,98494.68909945655,98936.71911552959,99450.72985184289
2025-11-19,100524.31006246875,99016.75152795961,98521.64809435193,99161.57756079486,100791.4550623017
2025-11-20,99090.62542982363,97507.51084900412,97654.57896889943,98270.9568511617,99263.86176582622
2025-11-21,98741.52713190782,98478.81165734286,97747.61259036956,98844.13290402862,98877.88638820953
2025-11-24,99765.10417043342,99928.25870453216,98736.35857811886,99699.46868694486,100038.6808707979
2025-11-25,99615.90154272673,100868.18767677771,99086.3354758925,100254.13184964561,99797.88823129836
2025-11-26,100747.62868901032,101564.53549908093,99796.69663667872,100665.05490539072,101001.41554306453
2025-11-28,101261.83680414612,102118.91262616379,100545.84842328064,100992.19938089518,101509.50098970081
2025-12-01,101028.68135131216,101652.69561326224,100517.81475658118,100717.85844467027,102296.34210795956
2025-12-02,100986.0780226015,101840.97272420285,100722.18279838204,100830.21973824092,102706.28398244403
2025-12-03,101232.38381997964,102193.62239980442,100489.03274480031,101040.6764078271,101917.02230547805
2025-12-04,101374.65180948659,102268.34139232135,101144.83256778418,101085.26771588126,103832.79656877379
2025-12-05,101038.50848858399,102462.60155398911,101093.95574380999,101201.19961511843,104213.88400508794
2025-12-08,100897.02990237816,102154.7832738977,101223.94117799282,101017.49773036476,104383.10937872803
2025-12-09,99425.91253881688,102066.61394084008,100714.8128592895,100964.87943669048,103922.17851943584
2025-12-10,100722.15716459445,102743.53759075177,100847.23298435053,101368.85853203916,103473.78442725765
2025-12-11,101768.55220901011,102982.61071017706,101194.85323598454,101511.53421270155,103421.45466300979
2025-12-12,102088.61868596978,101875.34069509774,100406.52556834987,100850.73008943474,102020.44265356514
2025-12-15,101913.3595090705,101721.42233617573,100254.43203616072,100758.87364535427,102498.52542842219
2025-12-16,101487.4298843046,101443.50087196742,100167.82429985583,100593.0137855259,103292.8606574793
2025-12-17,101457.68972069534,100327.24245248291,99768.68955201135,99926.84550120385,101870.9421508065
2025-12-18,101219.24143154363,101084.85892676239,100372.88175559776,100378.98100856956,103218.43265967377
2025-12-19,101833.70548743475,102001.03085474932,101023.22088484411,100925.74031694992,104281.94805108638
2025-12-22,102964.5665418847,102636.47878012879,101786.0999598769,101304.96724759339,105745.6436559229
2025-12-23,103823.2385838334,103105.5813013163,102807.72904773489,101584.92143764102,107463.54366386376
2025-12-24,104158.20139101899,103468.27033322274,103040.04027686697,101801.36946249814,107337.5537556083
2025-12-26,104374.15391727212,103457.77003310222,103118.83081979505,101795.10302204487,107899.8589985363
2025-12-29,102505.48466237626,103089.08873159232,102313.44904410614,101575.0788898176,105639.89952532793
2025-12-30,102434.1785057966,102963.19575666187,102402.33198238284,101499.9476248222,105917.49343424839
2025-12-31,101992.4963958731,102200.3521795129,101757.47454474281,101044.69265148896,105183.07530261416
